{
    "members": [
        {
            "name": "Энди Уир",
            "photo": "photo2.png",
            "info": ["астрогеолог", "специалист по радиационной защите"]
        },
        {
            "name": "Ридли Скотт",
            "photo": "photo1.png",
            "info": ["капитан"]
        },
        {
            "name": "Джон Смит",
            "photo": "photo3.jpg",
            "info": ["Доктор"]
        },
        {
            "name": "Крош",
            "photo": "photo4.jpg",
            "info": ["баламут", "обормот"]
        },
        {
            "name": "Ёжик",
            "photo": "photo5.png",
            "info": ["специалист по кактусам", "коллекционер фантиков"]
        }
    ]
}